phrase,nb_fp,faux_positifs
"An der Sitzung des IKEH vom 9.11.1990, welche die oben erläuterten Prioritätensetzungen und organisatorischen Vorkehren traf, nahmen folgende Bundesämter teil: die DEH, die DIO, die DV (alle EDA), das BUWAL (EDI), das BAWI (EVD), das BEW (EVED), das BAGE (EJPD) sowie die EFV (EFD). Das BEW (EVED), das BAGE (EJPD), das EPA (EFD) sowie die EFV (EFD) wurden zum vorliegenden Antrag konsultiert. Die erwähnten Ämter sind mit dem Antrag einverstanden.",9,EJPD (https://dodis.ch/R180) | EVD (https://dodis.ch/R61) | BUWAL (https://dodis.ch/R22816) | EFV (NIL) | EDI (https://dodis.ch/R152) | EFD (https://dodis.ch/R43) | EVED (https://dodis.ch/R537) | BEW (NIL) | EPA (NIL)
"BRF [Bundesrat Felber] gibt einleitend in grosser Offenheit seiner Besorgnis, ja seinem Unmut über die Entwicklung der EWR-Verhandlungen Ausdruck. Die Schweiz fühle sich nach der Einladung Delors’ zu Verhandlungen unter gleichberechtigten Partnern im Lichte der ständig höher geschraubten Forderungen der EG und der grossen Konzessionen der EFTA-Länder zusehends hinters Licht geführt. Eine Satellisierung ohne institutionellen Mitentscheid könne dem Schweizer Volk nicht verkauft werden. Die Schweiz befinde sich in einem schwierigen Dilemma. Einerseits will der Bundesrat den EWR zu Ende verhandeln, er kann aber andererseits keine Unterzeichnung garantieren. Angesichts der durch die Haltung anderer EFTA-Staaten eingetretenen Schwächung der Position möchte der Bundesrat die Sache der EFTA-Länder nicht noch weiter schmälern. Im übrigen sei es so, dass Schweden und Österreich sich über ein allfälliges EG-Beitrittsgesuch der Schweiz nicht begeistert zeigen würden, da sie befürchten, dadurch würden die Beitrittsverhandlungen verlangsamt. Dem Bundesrat schweben verschiedene Möglichkeiten vor: 1) Unterzeichnung mit gleichzeitigem Beitrittsgesuch, 2) Einschluss einer Beitrittsklausel im EWR-Vertrag, 3) Verzicht auf EWR und direktes Anpeilen der EG-Mitgliedschaft. Die letzte Variante sei insofern gefährlich, als die Verhandlungen wieder ganz von vorne beginnen und als die Bevölkerung nach den schlechten Erfahrungen mit den EWR-Verhandlungen einer Integration skeptisch gegenüberstehe. Die öffentliche Meinung lege das Schwergewicht eben auf die Dinge, die nicht gut funktionieren. Der Bundesrat muss aber in unserem politischen System mit der Öffentlichkeit arbeiten. Eine EWR-Ablehnung durch das Volk stelle auch einen EG-Beitritt in Frage, obwohl die sich abzeichnenden föderalen Strukturen vielversprechend seien. Der schweizerische Alleingang wäre jedenfalls die schlechteste Lösung.",9,EG-Beitritt (https://dodis.ch/R9899) | EFTA-Staaten (https://dodis.ch/R10096) | EG-Mitgliedschaft (https://dodis.ch/R9899) | EFTA-Länder (https://dodis.ch/R10096) | EWR-Ablehnung (https://dodis.ch/R18628) | EWR-Verhandlungen (https://dodis.ch/R18628) | BRF (https://dodis.ch/P24533) | EG-Beitrittsgesuch (https://dodis.ch/R9899) | EWR-Vertrag (https://dodis.ch/R18628)
"III. Portugal ist das einzige EFTA-Land, mit dem die Schweiz bisher kein Doppelbesteuerungsabkommen abgeschlossen hat. Im Rahmen der EFTA befasst sich eine Arbeitsgruppe mit der Frage der Schaffung eines multilateralen Doppelbesteuerungsabkommens unter den EFTA-Staaten. Die 1965 begonnenen Arbeiten sind noch nicht abgeschlossen. Immerhin hat sich während dieser Arbeiten gezeigt, dass speziell im Verhältnis zu Portugal einige Schwierigkeiten zu überwinden sind. Auf portugiesisches Begehren haben im Frühjahr 1964, vor Aufnahme der EFTA-Arbeiten, erste Gespräche zwischen Vertretern der portugiesischen und der eidgenössischen Steuerverwaltung stattgefunden. Dieser erste Kontakt liess es als angezeigt erscheinen, weitere bilaterale Gespräche auszustellen, bis die Arbeiten der EFTA-Arbeitsgruppe für Doppelbesteuerung einen gewissen Fortschritt erreicht hätten. In der Zwischenzeit hat Portugal mit verschiedenen EFTA- und Nicht-EFTA-Staaten Doppelbesteuerungsverhandlungen aufgenommen und den Wunsch geäussert, auch mit der Schweiz die 1964 begonnenen Gespräche fortzuführen. Es scheint zweckmässig, diesem Wunsch eines EFTA-Partners in Form der Weiterführung technischer Gespräche zu entsprechen. Das Ziel der schweizerischen Unterhändler wird sein, abzuklären, ob die portugiesische Verhandlungsbereitschaft sich seit 1964 so weit entwickelt hat, dass mit einem vernünftigen, dem Abkommen Schweiz-Spanien entsprechenden Doppelbesteuerungsvertrag mit Portugal gerechnet werden könnte.",7,EFTA-Arbeitsgruppe (https://dodis.ch/R10096) | EFTA-Arbeiten (https://dodis.ch/R10096) | EFTA-Partners (https://dodis.ch/R10096) | EFTA-Staaten (https://dodis.ch/R10096) | EFTA- (https://dodis.ch/R10096) | EFTA-Land (https://dodis.ch/R10096) | Nicht-EFTA-Staaten (https://dodis.ch/R10096)
"BRF [Bundesrat Felber] bezeichnet rückblickend das EWR-Konzept als «bon moyen», das den EFTA-Staaten zwecks Ausbau und Vertiefung ihrer Beziehungen zur EG angeboten worden war. Inzwischen hat sich aber einiges geändert, sodass BRF [Bundesrat Felber] – und, wie er sagt, mit ihm die übrigen Mitglieder des Bundesrates – heute davon ausgeht, dass der EWR-Vertrag mit Gewissheit hinter den ursprünglichen Erwartungen zurückbleiben wird. Er ist aber überzeugt, dass der Bundesrat mit Rücksicht auf die innenpolitische Situation (fehlende Mehrheit für einen EG-Beitritt) praktisch jeden EWRV annehmen und den Mut nicht aufbringen wird, einen EWRV abzulehnen – es sei denn, dass auch andere EFTA-Regierungen das Verhandlungsergebnis als unbefriedigend zurückweisen.",7,EG-Beitritt (https://dodis.ch/R9899) | EWRV (https://dodis.ch/R18628) | EFTA-Staaten (https://dodis.ch/R10096) | EWR-Konzept (https://dodis.ch/R18628) | BRF (https://dodis.ch/P24533) | EFTA-Regierungen (https://dodis.ch/R9899) | EWR-Vertrag (https://dodis.ch/R18628)
"Ein Arbeitsfrühstück mit der neuen norwegischen Equipe am letzten Tag des Gipfels erlaubte ein eingehendes Gespräch über den EWR im Lichte der zahlreichen bilateralen Treffen und Gespräche zwischen EG und EFTA in Paris. Die einleitende Frage von B[rundtland], die – wie am Tage zuvor schon Premier Carlsson – sich erkundigt, ob auf schweizerischer Seite der in kürzlichen Verlautbarungen der schweizerischen EWR-Verhandlungsdelegation offensichtlich werdende Pessimismus mit Bezug auf einen politischen Durchbruch weiterhin vorherrsche, konnte BPK  [Bundespräsident Koller] damit verneinen, beide Seiten stellen fest, dass von höchster EG-Warte (Präsidentschaft, Kommission) nun eindeutige Willensäusserungen zur Errichtung eines EWR vorliegen. Laut B[rundtland] liegt ein konkreter Lösungsvorschlag bereits bei Andriessen. B[rundtland] glaubt, dass die Aufgabe der Ausnahmen durch die EFTA-Staaten ausschlaggebend war: da der Binnenmarkt im EWR damit weitgehend vorgezeichnet ist, sind institutionelle Konzessionen beim Prozess zu dessen endgültiger Ausgestaltung für die EG etwas weniger problematisch geworden.",6,EFTA-Staaten (https://dodis.ch/R10096) | BPK (NIL) | EG-Warte (https://dodis.ch/R9899) | EWR-Verhandlungsdelegation (https://dodis.ch/R9899) | B (NIL) | [ (NIL)
"Diese Argumentation ist völlig illusorisch, weil die OECD (im Gegensatz zur OECE) mit nur beschränkten handelspolitischen Kompetenzen ausgestattet ist. Jedenfalls genügen sie kaum, um die Mitgliedstaaten der EWG dazu zu bringen, die diskriminatorischen Auswirkungen ihrer Zoll- und Wirtschaftsunion gegenüber den übrigen OECD-Staaten zu mildern. Eine Diskriminierung der Schweiz durch die EWG würde den Zielen der OECD diametral entgegenlaufen, indem unsere wirtschaftliche Stabilität erschüttert und damit auch die Möglichkeit der schweizerischen Teilnahme an der Entwicklungshilfe eingeschränkt würde. Wir haben bekanntlich diesen Gedanken bei Anlass der Ratifizierung der OECD-Konvention der amerikanischen Regierung gegenüber zum Ausdruck gebracht. Schliesslich kann die Situation Amerikas gegenüber der EWG mit derjenigen der Schweiz in keiner Weise verglichen werden. Die Schweiz gewinnt beinahe 13% ihres Nationalproduktes aus den Ausfuhren nach dem durch die europäischen Nato-Länder erweiterten EWG-Raum. Amerikas Ausfuhren nach der EWG und der EFTA machen hingegen weniger als 1% seines Nationalproduktes aus. Deshalb mögen die beschränkten Möglichkeiten der OECD die vergleichsweise recht geringen Probleme Amerikas lösen, nicht aber diejenigen der Schweiz.",6,OECD (https://dodis.ch/R600) | OECD-Staaten (https://dodis.ch/R600) | Nato-Länder (NIL) | EWG-Raum (https://dodis.ch/R9899) | OECE (https://dodis.ch/R600) | OECD-Konvention (NIL)
"​[2.6.] Botschafter Nordmann
 brachte dann das Gespräch, trotz allmählich entstehender Zeitnot, noch auf den letzten Punkt der Tagesordnung, nämlich, die Finanzkrise der Vereinten Nationen, indem er nach der Beurteilung der jüngsten Tagung des CAC (Comité Administratif de Coordination) in Genf fragte. 
B
[outros-Ghali]
 erwiderte darauf, dass der grösste Finanzdruck für das UNO-System vom enormen Aufschwung der friedenssichernden Aktivitäten der Organisation ausgehe. Und zwar verstand er Friedenssicherung diesbezüglich in einem grösseren, nicht nur militärischen Zusammenhang, der auch den präventiven Beitrag der Spezialorganisationen umfasst. Alle müssten sie im Rahmen ihrer Möglichkeiten zur Erfüllung dieses Hauptauftrags der UNO beisteuern und dazu ihre gegenseitige Kooperation verstärken («peace building»). So seien etwa UNDP-Büros in den baltischen und GUS-Republiken einzurichten, ohne dass dies aber der Diversion von Entwicklungshilfe nach Osten Vorschub leisten solle. Und für den reformerischen Follow-up zu UNCTAD VIII und UNCED sollte es nach der Vorstellung B[outros-Ghali]
’s im Interesse einer optimalen Koordination eine gemeinsame «Task force» geben. Auch die Bretton Woods Institute, deren Spitzen an der CAC-Tagung fehlten, seien im übrigen aufgerufen, an dieser Koordinationsanstrengung mitzuwirken. Zur Klärung der Ausgangslage und der Reformachsen sei der frühere BIT-Generaldirektor F. Blanchard mit der Erstellung eines einschlägigen Berichts beauftragt worden. Ferner soll ein CAC-Sekretär im Kabinett des Generalsekretärs ernannt werden.",6,UNO-System (https://dodis.ch/R202) | UNDP-Büros (https://dodis.ch/R23121) | CAC-Tagung (https://dodis.ch/R32436) | GUS-Republiken (https://dodis.ch/R35226) | CAC-Sekretär (https://dodis.ch/R32436) | BIT-Generaldirektor (https://dodis.ch/R1601)
"Anschliessend an die Arbeitssitzung warf Staatssekretär Blankart
 inoffiziell das Problem des ITC/CCI in Genf
 auf (Zurückstufung des Exekutivdirektor-Postens und prov. Besetzung auf bloss 1 Jahr, forcierte Reduzierung des Defizits und des UNO-Personals u. a.). Das vom neuen Generalsekretär verordnete rigorose Rationalisierungsprogramm bekam auch das zur grossen Zufriedenheit der Geberländer sowie der seine Dienste beanspruchenden Entwicklungsländer arbeitende Handelszentrum etwas allzu hart und abrupt zu spüren (Sparen am falschen Ort?). Dies hatte im Vorfeld des Besuchs von B[outros-Ghali]
 Schritte des GATT-Generaldirektors, der GATT-Vertragsparteien und weiterer Verteidiger des CCI ausgelöst. B[outros-Ghali]
, der gegenüber bisherigen Interventionen etwas unwirsch abgewinkt hatte, nahm die Argumente der CCI-Befürworter aus dem Mund des Staatssekretärs zur Kenntnis. Er bestätigte zudem seine Ansicht von der übergeordneten Notwendigkeit der Restrukturierung des UN-Gesamtsystems, die nicht jedesmal haltmachen dürfe, wenn es wehtue. Dies gelte auch für die Kandidatur McCarthy für den Posten des Exekutivdirektors (wobei B[outros-Ghali]
 keineswegs die Notwendigkeit einer raschen Ernennung zur Sicherung der Funktionsfähigkeit des Zentrums in Frage stellte).",6,UNO-Personals (https://dodis.ch/R202) | GATT-Vertragsparteien (https://dodis.ch/R1534) | CCI-Befürworter (https://dodis.ch/R25701) | ITC (https://dodis.ch/R25701) | UN-Gesamtsystems (https://dodis.ch/R202) | GATT-Generaldirektors (https://dodis.ch/P26681)
"G[enscher]​ betont, dass die früheren Satellitenstaaten der UdSSR schnell EG-Mitglieder werden wollen. Die BRD stehe diesen Bestrebungen positiv gegenüber. Die EG müsse diesen Staaten konkrete Mitgliedsperspektiven eröffnen. Nur so können die Regierungen den Völkern die wirtschaftlichen Durststrecken verkaufen: Der schwere Weg führe geradewegs in die EG. Für die BRD stehe aber bei allen Überlegungen mit im Vordergrund: wie reagiert die UdSSR auf diese Entwicklungen? G[enscher]​ meint, Moskau werde sich wegen der EG-Mitgliedschaft dieser Länder nicht bedroht fühlen, und es sehe fast so aus, dass sie der UdSSR sogar lieb sei. Damit werde nämlich die EG-Stabilitätszone direkt bis an die Westgrenze der UdSSR heranreichen. Anders verhält es sich mit allfälligen NATO-Beitrittswünschen der kleineren osteuropäischen Länder. Dies würde Moskau doch stark irritieren, was in niemandes Interesse sei. Daher habe er, G[enscher]​, am 11. April anlässlich seines Besuches in der CSFR mit Aussenminister Dienstbier zehn sogenannte «Prager Thesen» entwickelt. Zentral darin sind für G[enscher], neben der Öffnung der EG für die neuen Demokratien in Mittel- und Osteuropa, die Einbindung der Sowjetunion als gleichberechtigter Partner in einer europäischen Friedensordnung sowie die sicherheitspolitische Eingliederung Osteuropas in gesamteuropäische Institutionen (also nicht NATO). Polen, Ungarn und die CSFR würden dabei als Bindeglied nach Osten fungieren. Des weiteren ist für G[enscher]​ wichtig, dass im Rahmen der Berliner KSZE-Aussenministerkonferenz ein wichtiger Schritt hin zur europäischen Sicherheitsstruktur gemacht werden kann, z. B. in Form einer handlungsfähigen operativen Stelle (Konfliktverhütungszentrum). Zusammen mit der EG und der NATO ergäbe dies eine gesamteuropäische Struktur. Gemäss G[enscher] erleichtert die Philosophie der «Prager Thesen» auch die Lösung des unruhigen Prozesses in der UdSSR selber. Für Moskau sei es sehr wichtig, dass für Polen und die CSFR befriedigende sicherheitspolitische Einbindungen ausserhalb der NATO gefunden werden, sonst sei die Angst zu gross, dass aus der Union austretende Sowjetrepubliken sich ebenfalls der NATO anschliessen wollten. Dies würde die UdSSR niemals akzeptieren. G[enscher] glaubt, dass mit etwas europäischer Phantasie viel erreicht werden könne.",6,KSZE-Aussenministerkonferenz (https://dodis.ch/R20591) | EG-Mitgliedschaft (https://dodis.ch/R9899) | BRD (https://dodis.ch/G806) | EG-Stabilitätszone (https://dodis.ch/R9899) | EG-Mitglieder (https://dodis.ch/R9899) | CSFR (https://dodis.ch/G73)
"Angesichts der ausgezeichneten und ungetrübten Beziehungen wurde in beidseitigem Einvernehmen beschlossen, nichts aktiv aufzugreifen, sondern, falls gewünscht, kommentarlos dem zuständigen Delegationsmitglied Aide-mémoires abzugeben. Im Einverständnis mit dem Departementschef hat die schweizerische Seite davon Gebrauch gemacht und dem Referatsleiter Schweiz im Auswärtigen Amt, H. Nestroy, sechs Memoranden überreicht, die dieser zur beförderlichen Behandlung gerne entgegennahm. Im Einzelnen handelte es sich um folgende Themen: 1) Abkommen zwischen der Schweiz und der BRD über Äquivalenzen im Bereich des höheren Bildungswesens (EDI BBW); 2) Berufliche Vorsorge für Hochschullehrer aus der BRD bei Berufungen in der Schweiz (EDI BBW); 3) Stärkung der Handlungsfähigkeit der Rheinzentralkommission (EDA DV); 4) Verhandlungen zwischen der EG und den EFTA-Staaten über ein Luftverkehrsabkommen (EVED BAZL); 5) Frequenzkoordination Schweiz–BRD betreffend den Sender ​Wittoh​ (EVED GS); 6. EFTA-Arbeitspapier über das geistige Eigentum im EWR (EJPD BAGE).",6,EDA (https://dodis.ch/R27) | EJPD (https://dodis.ch/R180) | EFTA-Staaten (https://dodis.ch/R10096) | EDI (https://dodis.ch/R152) | BRD (https://dodis.ch/G806) | BBW (NIL)
"Das den EWR-Freiheiten zugrundeliegende Recht ist das EG-Recht und wird für uns, via das Abkommen, zum EWR-Recht. Bei der Weiterentwicklung dieses Rechts können wir, auf Expertenebene und parallel zum ganzen EG-Entscheidungsprozess Einfluss nehmen. Wir können letztlich auch entscheiden, ob wir neues EG-Recht übernehmen wollen, wobei wir allerdings riskieren, dass ein negativer Entscheid unseren wirtschaftlichen Interessen schadet. Das EWR-Abkommen ist ein Assoziierungsvertrag. Die assoziierende EG hat sich vorbehalten, wie bisher alleine die erste Geige zu spielen, und die assoziierten EFTA-Staaten müssen sich darauf beschränken, Begleitmusik zu spielen. Aber auch dieser formelle, weniger befriedigende Teil des Vertrages, der bei einer Gesamtbeurteilung in Rechnung zu stellen ist, ist nicht so schlecht, dass er die wirtschaftlichen Vorteile des Abkommens auch nur annähernd aufwiegen könnte. Immerhin gibt es im EWR-Abkommen keine fremden Richter und wir können, wenn wir bereit sind eine Minderung wirtschaftlicher Freiheiten in Kauf zu nehmen, Änderungen des Abkommens verhindern.",6,EG-Entscheidungsprozess (https://dodis.ch/R9899) | EWR-Freiheiten (https://dodis.ch/R18628) | EFTA-Staaten (https://dodis.ch/R10096) | EG-Recht (https://dodis.ch/R9899) | EWR-Abkommen (https://dodis.ch/R18628) | EWR-Recht (https://dodis.ch/R18628)
"Anschliessend an das Gespräch zwischen den beiden Präsidenten im Rahmen der gesamten Delegationen, wurde H[avel] im Ständeratssaal von einer rund 50-köpfigen Delegation (Präsidenten und Vizepräsidenten der beiden Kammern, Mitglieder der aussenpolitischen Kommissionen, Europaratsdelegation) der schweizerischen Bundesversammlung, geleitet von Ständeratspräsident Cavelty (C), für ein Gespräch empfangen; dieser war ebenfalls für alle Medienvertreter offen. Von C[avelty] in der Begrüssung auf die Freundschaft Schweiz-CSFR angesprochen, dankte H[avel] zunächst für die mannigfaltigen Solidaritätsbezeugungen für die tschechoslowakischen Dissidenten unter dem alten Regime und für die Aufnahme von rund 20 000 Tschechoslowaken 1968. Die CSFR schaut auf die Schweiz ganz speziell, um im Bereich politische Kultur zu lernen und um die wirtschaftlichen Beziehungen zu verbreitern. Auf eine Frage von NR Bremi bestätigt H[avel], dass die Schweiz bereits zu den wichtigsten Investoren in der CSFR zähle; die gesetzliche Grundlage für eine weitere Intensivierung würde im Moment gelegt. Was die CSFR allerdings heute am nötigsten habe, sei kurzfristige Hilfe, um einen allzu grossen sozialen Einbruch zu verhindern. Auf Fragen von Nationalratspräsident Ruffy und NR Bundi erläutert H[avel] die Rolle der CSFR und speziell von Prag im Rahmen der neuen europäischen Architektur. Es bestehen durchaus konkrete Aussichten, dass künftig auch andere als nationalstaatliche Akteure (Regionen etc.) beispielsweise bei der KSZE mittun könnten. Die Entscheidung über die Ausgestaltung seiner politischen Struktur und damit auch der internationalen Vertretung, ist aber dem betroffenen Staat selbst zu überlassen.",5,Ständeratspräsident (NIL) | Schweiz-CSFR (https://dodis.ch/G73) | Ständeratssaal (NIL) | Nationalratspräsident (https://dodis.ch/R148) | CSFR (https://dodis.ch/G73)
"Am Gipfeltreffen in Lissabon (26.06.92) werde die EG-Kommission einen Bericht vorlegen, der insbesondere die institutionellen Konsequenzen (Schwierigkeiten) einer EG-Erweiterung um 3, 5 oder 10 und mehr Staaten analysiert. Dies sei schon deshalb nötig, weil in Maastricht einige institutionelle Fragen (Erhöhung der Anzahl deutscher Abgeordneter im Europ. Parlament; Reduktion der Kommissionsmitglieder von 17 Leute auf 12) offen blieben und noch dieses Jahr, im Rahmen von Erweiterungsverhandlungen, behandelt werden sollen.",5,EG-Kommission (https://dodis.ch/R9899) | Europ (NIL) | EG-Erweiterung (https://dodis.ch/R9899) | Parlament (https://dodis.ch/R944) | . (NIL)
"Die EG-Kommission bremst. Vor Beitrittsverhandlungen mit den EFTA-Staaten müsse eine Gesamtstrategie (EG für 30 oder mehr Staaten) und ein umfassender Verhandlungsfahrplan festgelegt werden. In Porto, anlässlich der Unterzeichnung des EWR-Vertrags, hat Präsident Delors seine Haltung etwas nuanciert: er bezeichnete den EWR-Vertrag als optimale Vorbereitung für EG-Beitrittskandidaten. Für jene die der EG nicht beitreten wollen, sei der EWR-Vertrag nicht etwa eine Alternative zum Beitritt, sondern ganz einfach der undiskriminierte Zugang zum EG-Binnenmarkt.",5,EFTA-Staaten (https://dodis.ch/R10096) | EG-Binnenmarkt (https://dodis.ch/R9899) | EG-Beitrittskandidaten (https://dodis.ch/R9899) | EWR-Vertrags (https://dodis.ch/R18628) | EWR-Vertrag (https://dodis.ch/R18628)
"Das erste Thema war Gegenstand von Treffen mit Italien, Schweden, Finnland und Norwegen (mit Österreich werden anlässlich des bevorstehenden Besuches von Bundeskanzler Vranitzky in Bern eingehende Gespräche möglich sein) sowie informeller Gespräche mit der EGK (Delors), Luxemburg (EG-Präsidentschaft 1. Halbjahr 1991) und Bundeskanzler Kohl. Die dabei von der EG-Seite ausgedrückte Botschaft ist grundsätzlich positiv. Ein EWR liegt zum gegenwärtigen Zeitpunkt im allseitigen (EG, EFTA, Gesamteuropa), politischen Interesse (so Delors ausdrücklich auch in der EGK-Ansprache am Gipfel). Daher werden auch die institutionellen Probleme lösbar sein, was allerdings wegen anderseitiger Absorption (GATT, Regierungskonferenzen) der EG kaum mehr im Dezember 90 der Fall sein wird. Die drei EFTA-Partner betonen ihre Entschlossenheit zum Abschluss eines EWR-Vertrages bis zum Frühling 91, geben aber mehr oder weniger deutlich zu verstehen, dass sie dies als Zwischenstufe zum Beitritt sehen.",5,EFTA-Partner (https://dodis.ch/R10096) | EWR-Vertrages (https://dodis.ch/R18628) | EGK-Ansprache (https://dodis.ch/R19371) | EG-Präsidentschaft (https://dodis.ch/R9899) | EG-Seite (https://dodis.ch/R9899)
"10. Bundesintern wurden für den vorliegenden Antrag die nachfolgenden Stellen konsultiert: BK, EDA (DEH, FWD), EJPD (BJ) und EFD (EFV); sie erklärten sich einverstanden. Aufgrund der vorangegangenen Ausführungen beantragen wir Ihnen, dem beiliegenden Beschlussentwurf zuzustimmen.",5,) (NIL) | EJPD (https://dodis.ch/R180) | EFV (NIL) | EFD (https://dodis.ch/R43) | BJ (NIL)
"Hinsichtlich des politischen Aspekts handelt es sich um die politischen Ziele, die bei den einzelnen EWG-Partnern deren Stellungnahme zum Fall Österreich beeinflussen dürften. Einem Bericht unserer Mission in Brüssel entnahmen wir z. B. folgendes: Die Deutsche Bundesrepublik, welche früher die These des jeder Präzedenzwirkung entbehrenden «Spezialfalls Österreich» verfocht, scheint sich nunmehr der holländischen Konzeption angeschlossen zu haben, wonach durch die Assoziierung Österreichs ein Präjudiz geschaffen wird. Für die Holländer sind offenbar gerade die präjudizierenden Auswirkungen der springende Punkt, bzw. der Aspekt, der sie bewegen könnte, ein Abkommen mit Österreich im Hinblick auf dessen wegebnenden Effekt für andere Assoziations- und Beitritts-Gesuche zu genehmigen. Es stellt sich somit die Frage, ob die Präjudiz-These Schule macht und ob z. B. auch Italien (nebst Belgien/Luxemburg) bei der Aussicht auf eine endgültige Sprengung des kleineuropäischen Rahmens wirtschaftliche und anderweitige politische Bedenken zurückstellen würde. In diesem Falle könnten die Franzosen wieder in eine ähnlich isolierte Situation gedrängt werden wie anlässlich des Abbruchs der England-Verhandlungen im Januar d. J. Frankreich wird sicher mit allen Mitteln zu verhindern suchen, dass durch ein Abkommen mit Österreich das allgemeine Problem der Ausweitung der Wirtschaftsgemeinschaft erneut gestellt wird. Mitteilungen unserer Botschaft in Paris war im Übrigen zu entnehmen, dass das Studium der wirtschaftlichen Aspekte einer österreichischen Assoziierung von den französischen Behörden zurzeit nicht weitergeführt wird. Kann man daraus folgern, dass Paris bereits eine grundsätzliche Entscheidung gegen eine Assoziation Österreichs getroffen hat oder haben die Franzosen Grund zur Annahme, dass hinsichtlich der Behandlung des österreichischen Assoziationsgesuchs in Brüssel vorderhand ohnehin keine Fortschritte zu erwarten sind? In diesem Zusammenhang war es interessant zu vernehmen, dass anlässlich einer Informationstagung über das EWG-Kartellrecht, der Sprecher der EWG erklärte, dass man den Österreichern vermutlich vorschlagen werde, sich mit einem nichtpräferenziellen, GATT-konformen Abkommen zu begnügen und sich vorläufig darauf zu konzentrieren, die österreichische Wirtschaft durch Angleichung an die EWG-Verhältnisse integrationsreif zu machen. Der EWG-Sprecher versuchte indirekt darzulegen, dass, ungeachtet der Beispiele Griechenland und Türkei, die anders gelagert wären, eine Assoziation wegen objektiver Schwierigkeiten nicht möglich sein dürfte. Wie Sie sehen, gelangen wir im politischen Bereich nur zu verschiedenen mit Fragezeichen versehenen Spekulationen. Wir sind Ihnen deshalb für die Mitteilung diesbezüglicher Beobachtungen in jedem Falle äusserst dankbar.",5,GATT-konformen (https://dodis.ch/R1534) | EWG-Sprecher (https://dodis.ch/R9899) | EWG-Verhältnisse (https://dodis.ch/R9899) | EWG-Kartellrecht (https://dodis.ch/R9899) | EWG-Partnern (https://dodis.ch/R9899)
"4. Die Schweiz sollte den politischen Dialog, der im Rahmen der EWR-Verhandlungen beschlossen wurde, gleichzeitig gezielt dazu nutzen, ihre eigenen aussen- und sicherheitspolitischen Anliegen und Vorstellungen einzubringen. Die Beziehungen der Schweiz zu den EG-Mitgliedstaaten waren bisher und sind auch heute ein wesentlicher Teil unserer Aussenpolitik. Viele Elemente in diesen Beziehungen werden bei einem EG-Beitritt Teil der gemeinschaftlichen Politik, d. h. einer europäischen Innenpolitik. Die Gestaltung dieser Politik wird zunehmend in die Hände der Fachministerien übergehen, womit sich die Frage nach der Funktion des EDA als Koordinator der Aussenbeziehungen stellt. Wie weit soll der Anspruch des EDA auf die Koordination der schweizerischen Mitwirkung an der europäischen Innenpolitik reichen? Zum gegebenen Zeitpunkt sollte das EDA einen Bericht ausarbeiten über seine Stellung und Aufgaben als Aussenministerium eines EG-Mitgliedstaates Schweiz, unter Zuhilfenahme von Erfahrungen ausgewählter EG-Staaten.",5,EG-Mitgliedstaaten (https://dodis.ch/R9899) | EG-Beitritt (https://dodis.ch/R9899) | EG-Staaten (https://dodis.ch/R9899) | EWR-Verhandlungen (https://dodis.ch/R18628) | EG-Mitgliedstaates (https://dodis.ch/R9899)
"Herr Minister Weitnauer orientiert über den Verlauf der vorbereitenden Arbeiten seit Mitte Dezember 1963. Am 16. Dezember wurde die der Ständigen Wirtschaftsdelegation bekannte schweizerische Note über das Problem der Disparitäten der EWG-Kommission und den Regierungen der EWG-Länder überreicht. Am 23. Dezember schloss der EWG-Ministerrat seine Marathonsitzung. Der allgemeine Eindruck ist, dass das schweizerische Anliegen zur Kenntnis der EWG-Minister gelangt war. Im Hinblick auf die Kennedy-Runde ist das Ergebnis der EWG-Minister-Sitzung aus zwei Gründen bedeutsam: Erstens wurde eine Einigung über die gemeinsame Agrarpolitik der EWG in ihrer Gesamtheit erzielt, womit die Grundlage für eine Agrardiskussion im Rahmen des GATT geschaffen ist; zweitens erklärten sich die Minister bereit, den Grundsatz der 50-prozentigen Zollsenkung zu übernehmen. In bezug auf das die Schweiz besonders interessierende Disparitätenproblem beschlossen sie, von der bisherigen «30–10»-Formel abzugehen und als Kriterium dasjenige des «double écart» zu fordern, d. h. der hohe Zollansatz muss mindestens das Doppelte des niedrigen betragen, wobei der Unterschied bei Fertigprodukten und Rohstoffen mindestens 10 Prozentpunkte betragen muss. Damit fällt die bisher geforderte untere Grenze weg. Schliesslich bestätigen die EWG-Minister die zusätzlichen Kriterien: Keine Anrufung des Disparitätenargumentes, wenn das Niedrigzollland keine eigene Produktion hat und keine Importe in der betreffenden Position tätigt.",5,EWG-Minister (https://dodis.ch/R9899) | EWG-Minister-Sitzung (https://dodis.ch/R9899) | EWG-Ministerrat (https://dodis.ch/R9899) | EWG-Kommission (https://dodis.ch/R9899) | EWG-Länder (https://dodis.ch/R9899)
"Wie der Herr Bundespräsident einleitend feststellt, erachtet er die Mitglieder des Bundesrates als durch die Presse hinreichend orientiert. Zu ergänzen wäre noch, dass die Ministerkonferenz sehr wenig Zeit in Anspruch nahm, nachdem die grundlegenden Beschlüsse bereits in London gefasst worden waren. Die Erklärungen Premierministers Macmillans vor dem Parlament hätten sich genau an die EFTA-Beschlüsse von London gehalten, indem sie die Solidarität der EFTA-Staaten hervorhoben. Dänemark habe sich sofort dem englischen Schritt angeschlossen. Der Präsident der EFTA-Ministerkonferenz, Herr Kreisky, sei beauftragt, der EWG die Bereitschaft der EFTA-Staaten mit den EWG-Verhandlungen zu führen, zu notifizieren. Die Verhandlungen zwischen England und der EWG würden nicht vor Ende August, Anfang September in Gang kommen. Wann die Schweiz zum Zuge kommen werde, das werde sich erst aus der ganzen Entwicklung ergeben. Das Aufrollen des ganzen Fragenkomplexes erfülle den Herrn Bundespräsidenten mit Sorgen. Es werde für uns sehr schwer sein, der EWG unter Wahrung der Neutralität und Unabhängigkeit beizutreten.",5,EFTA-Beschlüsse (NIL) | EFTA-Staaten (https://dodis.ch/R10096) | Bundesrates (https://dodis.ch/R6) | EFTA-Ministerkonferenz (https://dodis.ch/R10096) | EWG-Verhandlungen (https://dodis.ch/R9899)
